Vaibhavi Kamini,30 Park Drive,vaibhavi@kamini.com,99823845
Sreerag Sreenath,235 Park Drive,sreerag@sreenath.com,60145328
Aahana K,Hunington Avenue,aahana@k.com,48483292739
Eklavya,Hunington Avenue,aahana@k.com,48483292739
Tibin,Hunington Avenue,aahana@k.com,48483292739
Sebin,Hunington Avenue,aahana@k.com,48483292739
Anurag,Hunington Avenue,aahana@k.com,48483292739
Abhshek,Hunington Avenue,aahana@k.com,48483292739
Shruti,Hunington Avenue,aahana@k.com,48483292739
Amandeep,Hunington Avenue,aahana@k.com,48483292739
Shreya,Hunington Avenue,aahana@k.com,48483292739
Anupam,Hunington Avenue,aahana@k.com,48483292739
Dennis,Hunington Avenue,aahana@k.com,48483292739
Harvey,Hunington Avenue,aahana@k.com,48483292739
Specter,Hunington Avenue,aahana@k.com,48483292739
Molly,Hunington Avenue,aahana@k.com,48483292739
Andrew,Hunington Avenue,aahana@k.com,48483292739
Andrew,Hunington Avenue,aahana@k.com,48483292739
Andrew,Hunington Avenue,aahana@k.com,48483292739
Andrew,Hunington Avenue,aahana@k.com,48483292739
Andrew,Hunington Avenue,aahana@k.com,48483292739